{"cameraMode":{"drawMode":0,"name":"Shaded","section":"Shading Mode"},"sceneLighting":true,"audioPlay":false,"sceneViewState":{"m_AlwaysRefresh":false,"showFog":true,"showSkybox":true,"showFlares":true,"showImageEffects":true,"showParticleSystems":true,"showVisualEffectGraphs":true,"m_FxEnabled":true},"in2DMode":false,"pivot":{"x":497.3833923339844,"y":415.1733093261719,"z":-487.60467529296877},"rotation":{"x":-0.06327011436223984,"y":0.004850397352129221,"z":-0.0002775794127956033,"w":-0.9980266690254211},"size":53.03300857543945,"orthographic":false}