{"cameraMode":{"drawMode":0,"name":"Shaded","section":"Shading Mode"},"sceneLighting":true,"audioPlay":false,"sceneViewState":{"m_AlwaysRefresh":false,"showFog":true,"showSkybox":true,"showFlares":true,"showImageEffects":true,"showParticleSystems":true,"showVisualEffectGraphs":true,"m_FxEnabled":true},"in2DMode":false,"pivot":{"x":0.5539917349815369,"y":2.374314546585083,"z":-9.320974349975586},"rotation":{"x":0.2150251269340515,"y":0.09846770018339157,"z":-0.021657031029462816,"w":0.971492350101471},"size":0.8270542621612549,"orthographic":false}