{"cameraMode":{"drawMode":0,"name":"Shaded","section":"Shading Mode"},"sceneLighting":true,"audioPlay":false,"sceneViewState":{"m_AlwaysRefresh":false,"showFog":true,"showSkybox":true,"showFlares":true,"showImageEffects":true,"showParticleSystems":true,"showVisualEffectGraphs":true,"m_FxEnabled":true},"in2DMode":false,"pivot":{"x":729.1773681640625,"y":499.8694152832031,"z":-223.78660583496095},"rotation":{"x":-0.029941901564598085,"y":0.05959566310048103,"z":0.0018275618785992265,"w":0.9978044033050537},"size":0.8660253882408142,"orthographic":false}