{"cameraMode":{"drawMode":0,"name":"Shaded","section":"Shading Mode"},"sceneLighting":true,"audioPlay":false,"sceneViewState":{"m_AlwaysRefresh":false,"showFog":true,"showSkybox":true,"showFlares":true,"showImageEffects":true,"showParticleSystems":true,"showVisualEffectGraphs":true,"m_FxEnabled":true},"in2DMode":false,"pivot":{"x":0.9710169434547424,"y":-1.1159169673919678,"z":5.362410545349121},"rotation":{"x":-0.16328270733356477,"y":0.10724648088216782,"z":-0.017851362004876138,"w":-0.9806004762649536},"size":4.877902507781982,"orthographic":false}