{"cameraMode":{"drawMode":0,"name":"Shaded","section":"Shading Mode"},"sceneLighting":true,"audioPlay":false,"sceneViewState":{"m_AlwaysRefresh":false,"showFog":true,"showSkybox":true,"showFlares":true,"showImageEffects":true,"showParticleSystems":true,"showVisualEffectGraphs":true,"m_FxEnabled":true},"in2DMode":false,"pivot":{"x":0.33577001094818118,"y":0.7737590074539185,"z":-0.144753560423851},"rotation":{"x":0.4225056767463684,"y":-0.4705190658569336,"z":0.2744506895542145,"w":0.7244532704353333},"size":30.925106048583986,"orthographic":false}