{"cameraMode":{"drawMode":0,"name":"Shaded","section":"Shading Mode"},"sceneLighting":true,"audioPlay":false,"sceneViewState":{"m_AlwaysRefresh":false,"showFog":true,"showSkybox":true,"showFlares":true,"showImageEffects":true,"showParticleSystems":true,"showVisualEffectGraphs":true,"m_FxEnabled":true},"in2DMode":false,"pivot":{"x":2.242917537689209,"y":4.318418025970459,"z":-15.584778785705567},"rotation":{"x":-0.07075857371091843,"y":-0.005253238137811422,"z":0.00024192300043068826,"w":-0.9975960850715637},"size":2.082512378692627,"orthographic":false}