{"cameraMode":{"drawMode":0,"name":"Shaded","section":"Shading Mode"},"sceneLighting":true,"audioPlay":false,"sceneViewState":{"m_AlwaysRefresh":false,"showFog":true,"showSkybox":true,"showFlares":true,"showImageEffects":true,"showParticleSystems":true,"showVisualEffectGraphs":true,"m_FxEnabled":true},"in2DMode":false,"pivot":{"x":3.898883581161499,"y":2.8619132041931154,"z":-3.5930216312408449},"rotation":{"x":0.2261071503162384,"y":-0.19413429498672486,"z":0.04598987475037575,"w":0.9535651803016663},"size":0.25947585701942446,"orthographic":false}